"RK",TIERS,"PLAYER NAME",TEAM,"POS","BYE WEEK","UPSIDE ","BUST ","SOS SEASON","ECR VS. ADP"
"1",1,"Josh Allen",BUF,"QB1","7","5 out of 5","1 out of 5","3 out of 5 stars","+1"
"2",1,"Lamar Jackson",BAL,"QB2","13","4 out of 5","3 out of 5","3 out of 5 stars","+5"
"3",1,"Drake Maye",NE,"QB3","11","5 out of 5","2 out of 5","2 out of 5 stars","+6"
"4",1,"Joe Burrow",CIN,"QB4","6","4 out of 5","3 out of 5","3 out of 5 stars","+9"
"5",1,"Jayden Daniels",WAS,"QB5","7","4 out of 5","4 out of 5","2 out of 5 stars","+9"
"6",1,"Jalen Hurts",PHI,"QB6","10","4 out of 5","3 out of 5","5 out of 5 stars","+16"
"7",1,"Jahmyr Gibbs",DET,"RB1","6","5 out of 5","1 out of 5","5 out of 5 stars","-6"
"8",2,"Bijan Robinson",ATL,"RB2","11","5 out of 5","1 out of 5","2 out of 5 stars","-5"
"9",2,"Ja'Marr Chase",CIN,"WR1","6","5 out of 5","1 out of 5","4 out of 5 stars","-5"
"10",2,"Caleb Williams",CHI,"QB7","10","5 out of 5","2 out of 5","3 out of 5 stars","+11"
"11",2,"Puka Nacua",LAR,"WR2","11","5 out of 5","2 out of 5","1 out of 5 stars","-6"
"12",2,"Justin Herbert",LAC,"QB8","7","5 out of 5","2 out of 5","2 out of 5 stars","+15"
"13",2,"Jaxon Smith-Njigba",SEA,"WR3","11","5 out of 5","2 out of 5","3 out of 5 stars","-7"
"14",2,"Amon-Ra St. Brown",DET,"WR4","6","5 out of 5","1 out of 5","4 out of 5 stars","-3"
"15",2,"Trevor Lawrence",JAC,"QB9","7","5 out of 5","2 out of 5","4 out of 5 stars","+17"
"16",2,"Dak Prescott",DAL,"QB10","14","4 out of 5","2 out of 5","2 out of 5 stars","+15"
"17",2,"Christian McCaffrey",SF,"RB3","8","4 out of 5","4 out of 5","2 out of 5 stars","-9"
"18",2,"Jonathan Taylor",IND,"RB4","13","4 out of 5","3 out of 5","4 out of 5 stars","-8"
"19",3,"James Cook III",BUF,"RB5","7","5 out of 5","2 out of 5","2 out of 5 stars","-7"
"20",3,"CeeDee Lamb",DAL,"WR5","14","4 out of 5","2 out of 5","2 out of 5 stars","-3"
"21",3,"Brock Purdy",SF,"QB11","8","4 out of 5","2 out of 5","1 out of 5 stars","+23"
"22",3,"Justin Jefferson",MIN,"WR6","6","4 out of 5","2 out of 5","5 out of 5 stars","-4"
"23",3,"Jaxson Dart",NYG,"QB12","8","5 out of 5","4 out of 5","4 out of 5 stars","+11"
"24",3,"Bo Nix",DEN,"QB13","10","4 out of 5","2 out of 5","3 out of 5 stars","+16"
"25",3,"Patrick Mahomes II",KC,"QB14","5","2 out of 5","4 out of 5","2 out of 5 stars","+14"
"26",3,"Chase Brown",CIN,"RB6","6","5 out of 5","2 out of 5","2 out of 5 stars","0"
"",3
"27",3,"A.J. Brown",NE,"WR7","11","5 out of 5","2 out of 5","2 out of 5 stars","+2"
"28",3,"Drake London",ATL,"WR8","11","4 out of 5","3 out of 5","3 out of 5 stars","0"
"29",3,"Saquon Barkley",PHI,"RB7","10","4 out of 5","3 out of 5","4 out of 5 stars","-6"
"30",3,"Matthew Stafford",LAR,"QB15","11","4 out of 5","2 out of 5","3 out of 5 stars","+18"
"31",3,"Jared Goff",DET,"QB16","6","3 out of 5","2 out of 5","5 out of 5 stars","+19"
"32",3,"De'Von Achane",MIA,"RB8","6","4 out of 5","4 out of 5","3 out of 5 stars","-12"
"33",3,"Brock Bowers",LV,"TE1","13","5 out of 5","2 out of 5","3 out of 5 stars","-18"
"34",3,"Nico Collins",HOU,"WR9","8","5 out of 5","2 out of 5","3 out of 5 stars","-1"
"35",3,"Omarion Hampton",LAC,"RB9","7","5 out of 5","2 out of 5","3 out of 5 stars","-11"
"36",3,"Kenneth Walker III",KC,"RB10","5","5 out of 5","3 out of 5","3 out of 5 stars","-11"
"37",3,"Derrick Henry",BAL,"RB11","13","4 out of 5","2 out of 5","3 out of 5 stars","-7"
"38",4,"Ashton Jeanty",LV,"RB12","13","4 out of 5","4 out of 5","2 out of 5 stars","-22"
"39",4,"Kyler Murray",MIN,"QB17","6","4 out of 5","3 out of 5","5 out of 5 stars","+23"
"40",4,"George Pickens",DAL,"WR10","14","4 out of 5","3 out of 5","2 out of 5 stars","-3"
"41",4,"Chris Olave",NO,"WR11","8","4 out of 5","3 out of 5","3 out of 5 stars","+1"
"42",4,"Trey McBride",ARI,"TE2","14","4 out of 5","2 out of 5","2 out of 5 stars","-23"
"43",4,"Malik Nabers",NYG,"WR12","8","4 out of 5","4 out of 5","4 out of 5 stars","-2"
"44",4,"Baker Mayfield",TB,"QB18","10","3 out of 5","4 out of 5","2 out of 5 stars","+16"
"45",4,"Jordan Love",GB,"QB19","11","4 out of 5","3 out of 5","4 out of 5 stars","+16"
"46",4,"DeVonta Smith",PHI,"WR13","10","4 out of 5","2 out of 5","4 out of 5 stars","+5"
"47",4,"Rashee Rice",KC,"WR14","5","5 out of 5","4 out of 5","2 out of 5 stars","-9"
"48",4,"Tyler Shough",NO,"QB20","8","4 out of 5","2 out of 5","3 out of 5 stars","+16"
"49",4,"Zay Flowers",BAL,"WR15","13","4 out of 5","2 out of 5","4 out of 5 stars","+3"
"50",4,"Kyren Williams",LAR,"RB13","11","4 out of 5","2 out of 5","5 out of 5 stars","-5"
"51",4,"Tee Higgins",CIN,"WR16","6","5 out of 5","2 out of 5","4 out of 5 stars","+2"
"52",4,"Javonte Williams",DAL,"RB14","14","4 out of 5","4 out of 5","4 out of 5 stars","-3"
"53",4,"Malik Willis",MIA,"QB21","6","4 out of 5","4 out of 5","3 out of 5 stars","+29"
"54",4,"Breece Hall",NYJ,"RB15","13","4 out of 5","4 out of 5","3 out of 5 stars","-11"
"55",4,"Tetairoa McMillan",CAR,"WR17","5","4 out of 5","3 out of 5","2 out of 5 stars","-1"
"56",4,"Garrett Wilson",NYJ,"WR18","13","4 out of 5","3 out of 5","4 out of 5 stars","+2"
"57",4,"Ladd McConkey",LAC,"WR19","7","4 out of 5","3 out of 5","2 out of 5 stars","-1"
"58",4,"Jaylen Waddle",DEN,"WR20","10","4 out of 5","3 out of 5","2 out of 5 stars","+8"
"59",5,"Colston Loveland",CHI,"TE3","10","5 out of 5","2 out of 5","2 out of 5 stars","-23"
"60",5,"Emeka Egbuka",TB,"WR21","10","4 out of 5","3 out of 5","4 out of 5 stars","-1"
"61",5,"Jeremiyah Love",ARI,"RB16","14","5 out of 5","3 out of 5","2 out of 5 stars","-26"
"62",5,"Josh Jacobs",GB,"RB17","11","4 out of 5","4 out of 5","4 out of 5 stars","-16"
"63",5,"Travis Etienne Jr.",NO,"RB18","8","4 out of 5","4 out of 5","3 out of 5 stars","-6"
"64",5,"Terry McLaurin",WAS,"WR22","7","4 out of 5","2 out of 5","2 out of 5 stars","+10"
"65",5,"D'Andre Swift",CHI,"RB19","10","3 out of 5","2 out of 5","2 out of 5 stars","+3"
"66",5,"Davante Adams",LAR,"WR23","11","4 out of 5","4 out of 5","1 out of 5 stars","+7"
"67",5,"Luther Burden III",CHI,"WR24","10","4 out of 5","4 out of 5","3 out of 5 stars","-2"
"68",5,"Jameson Williams",DET,"WR25","6","4 out of 5","3 out of 5","4 out of 5 stars","+11"
"69",5,"C.J. Stroud",HOU,"QB22","8","3 out of 5","4 out of 5","4 out of 5 stars","+12"
"70",5,"Tyler Warren",IND,"TE4","13","4 out of 5","2 out of 5","3 out of 5 stars","-23"
"71",5,"Cam Skattebo",NYG,"RB20","8","4 out of 5","4 out of 5","4 out of 5 stars","-16"
"72",5,"Bucky Irving",TB,"RB21","10","3 out of 5","4 out of 5","2 out of 5 stars","-9"
"73",5,"DJ Moore",BUF,"WR26","7","4 out of 5","2 out of 5","4 out of 5 stars","+4"
"74",5,"Quinshon Judkins",CLE,"RB22","11","4 out of 5","4 out of 5","3 out of 5 stars","-7"
"75",5,"David Montgomery",HOU,"RB23","8","4 out of 5","2 out of 5","4 out of 5 stars","-6"
"76",5,"Christian Watson",GB,"WR27","11","4 out of 5","4 out of 5","5 out of 5 stars","+10"
"77",5,"Rome Odunze",CHI,"WR28","10","4 out of 5","3 out of 5","3 out of 5 stars","+8"
"78",5,"Mike Evans",SF,"WR29","8","4 out of 5","3 out of 5","2 out of 5 stars","+5"
"79",5,"Sam Darnold",SEA,"QB23","11","2 out of 5","4 out of 5","4 out of 5 stars","-7"
"80",5,"Cam Ward",TEN,"QB24","9","4 out of 5","4 out of 5","3 out of 5 stars","+10"
"81",5,"Daniel Jones",IND,"QB25","13","4 out of 5","4 out of 5","4 out of 5 stars","+8"
"82",5,"Bhayshul Tuten",JAC,"RB24","7","4 out of 5","3 out of 5","4 out of 5 stars","-11"
"83",5,"Jadarian Price",SEA,"RB25","11","4 out of 5","4 out of 5","4 out of 5 stars","+1"
"84",6,"Parker Washington",JAC,"WR30","7","4 out of 5","3 out of 5","4 out of 5 stars","+7"
"85",6,"TreVeyon Henderson",NE,"RB26","11","4 out of 5","4 out of 5","2 out of 5 stars","-15"
"86",6,"Marvin Harrison Jr.",ARI,"WR31","14","4 out of 5","4 out of 5","2 out of 5 stars","+7"
"87",6,"Tucker Kraft",GB,"TE5","11","4 out of 5","2 out of 5","2 out of 5 stars","-11"
"88",6,"Rhamondre Stevenson",NE,"RB27","11","3 out of 5","3 out of 5","2 out of 5 stars","+4"
"89",6,"Carnell Tate",TEN,"WR32","9","4 out of 5","3 out of 5","3 out of 5 stars","-2"
"90",6,"Bryce Young",CAR,"QB26","5","2 out of 5","4 out of 5","2 out of 5 stars","+8"
"",6
"91",6,"Jaylen Warren",PIT,"RB28","9","4 out of 5","4 out of 5","2 out of 5 stars","-3"
"92",6,"Brian Thomas Jr.",JAC,"WR33","7","2 out of 5","4 out of 5","4 out of 5 stars","+2"
"93",6,"Tony Pollard",TEN,"RB29","9","4 out of 5","3 out of 5","3 out of 5 stars","+4"
"94",6,"Harold Fannin Jr.",CLE,"TE6","11","4 out of 5","3 out of 5","3 out of 5 stars","-16"
"95",6,"DK Metcalf",PIT,"WR34","9","3 out of 5","3 out of 5","3 out of 5 stars","+5"
"96",6,"Rico Dowdle",PIT,"RB30","9","4 out of 5","4 out of 5","2 out of 5 stars","+6"
"97",6,"Sam LaPorta",DET,"TE7","6","4 out of 5","3 out of 5","3 out of 5 stars","-22"
"98",6,"Chris Godwin Jr.",TB,"WR35","10","4 out of 5","4 out of 5","4 out of 5 stars","+14"
"99",6,"Jonathon Brooks",CAR,"RB31","5","4 out of 5","4 out of 5","1 out of 5 stars","+11"
"100",6,"Kyle Pitts Sr.",ATL,"TE8","11","4 out of 5","4 out of 5","3 out of 5 stars","-20"
"101",6,"Courtland Sutton",DEN,"WR36","10","2 out of 5","4 out of 5","2 out of 5 stars","+5"
"102",6,"J.K. Dobbins",DEN,"RB32","10","4 out of 5","4 out of 5","2 out of 5 stars","+9"
"103",6,"Michael Pittman Jr.",PIT,"WR37","9","4 out of 5","3 out of 5","3 out of 5 stars","+21"
"104",6,"Jacoby Brissett",ARI,"QB27","14","2 out of 5","5 out of 5","2 out of 5 stars","+14"
"105",6,"Quentin Johnston",LAC,"WR38","7","4 out of 5","4 out of 5","2 out of 5 stars","+18"
"106",6,"Michael Wilson",ARI,"WR39","14","-","-","2 out of 5 stars","+3"
"107",6,"Alec Pierce",IND,"WR40","13","4 out of 5","4 out of 5","4 out of 5 stars","+8"
"108",6,"Chuba Hubbard",CAR,"RB33","5","2 out of 5","4 out of 5","1 out of 5 stars","-4"
"109",6,"Blake Corum",LAR,"RB34","11","4 out of 5","4 out of 5","5 out of 5 stars","+4"
"110",6,"George Kittle",SF,"TE9","8","4 out of 5","4 out of 5","3 out of 5 stars","-11"
"111",6,"Josh Downs",IND,"WR41","13","3 out of 5","4 out of 5","4 out of 5 stars","+14"
"112",6,"Wan'Dale Robinson",TEN,"WR42","9","4 out of 5","3 out of 5","3 out of 5 stars","+20"
"113",6,"Jacory Croskey-Merritt",WAS,"RB35","7","4 out of 5","4 out of 5","4 out of 5 stars","+18"
"114",6,"RJ Harvey",DEN,"RB36","10","2 out of 5","4 out of 5","2 out of 5 stars","-18"
"115",6,"Stefon Diggs",WAS,"WR43","7","4 out of 5","2 out of 5","2 out of 5 stars","+21"
"116",7,"Jordan Mason",MIN,"RB37","6","4 out of 5","3 out of 5","4 out of 5 stars","+11"
"117",7,"Jordan Addison",MIN,"WR44","6","4 out of 5","3 out of 5","5 out of 5 stars","+11"
"118",7,"Kenny Gainwell",TB,"RB38","10","4 out of 5","3 out of 5","2 out of 5 stars","+1"
"119",7,"Jayden Reed",GB,"WR45","11","4 out of 5","4 out of 5","5 out of 5 stars","+7"
"120",7,"Travis Kelce",KC,"TE10","5","3 out of 5","3 out of 5","4 out of 5 stars","-25"
"121",7,"Kyle Monangai",CHI,"RB39","10","4 out of 5","4 out of 5","2 out of 5 stars","-5"
"122",7,"Jakobi Meyers",JAC,"WR46","7","2 out of 5","3 out of 5","4 out of 5 stars","+8"
"123",7,"Makai Lemon",PHI,"WR47","10","4 out of 5","3 out of 5","4 out of 5 stars","-3"
"124",7,"Dalton Kincaid",BUF,"TE11","7","3 out of 5","4 out of 5","3 out of 5 stars","-21"
"125",7,"Rachaad White",WAS,"RB40","7","4 out of 5","3 out of 5","4 out of 5 stars","+4"
"126",7,"Dallas Goedert",PHI,"TE12","10","4 out of 5","3 out of 5","4 out of 5 stars","-9"
"127",7,"Aaron Jones Sr.",MIN,"RB41","6","1 out of 5","4 out of 5","4 out of 5 stars","+6"
"128",7,"Aaron Rodgers",PIT,"QB28","9","2 out of 5","4 out of 5","2 out of 5 stars","-7"
"129",7,"Isaiah Likely",NYG,"TE13","8","4 out of 5","4 out of 5","3 out of 5 stars","-21"
"130",7,"Geno Smith",NYJ,"QB29","13","2 out of 5","4 out of 5","4 out of 5 stars","-8"
"131",7,"Chris Rodriguez Jr.",JAC,"RB42","7","3 out of 5","4 out of 5","4 out of 5 stars","+12"
"132",7,"Romeo Doubs",NE,"WR48","11","4 out of 5","3 out of 5","2 out of 5 stars","+12"
"133",7,"Mark Andrews",BAL,"TE14","13","4 out of 5","4 out of 5","4 out of 5 stars","-19"
"134",7,"KC Concepcion",CLE,"WR49","11","4 out of 5","3 out of 5","3 out of 5 stars","+7"
"135",7,"Xavier Worthy",KC,"WR50","5","4 out of 5","4 out of 5","2 out of 5 stars","+3"
"136",7,"Jalen Coker",CAR,"WR51","5","4 out of 5","3 out of 5","2 out of 5 stars","+14"
"137",7,"Matthew Golden",GB,"WR52","11","4 out of 5","4 out of 5","5 out of 5 stars","+3"
"138",7,"Tyler Allgeier",ARI,"RB43","14","3 out of 5","4 out of 5","2 out of 5 stars","+10"
"139",7,"Woody Marks",HOU,"RB44","8","3 out of 5","4 out of 5","4 out of 5 stars","+15"
"140",7,"Jake Ferguson",DAL,"TE15","14","2 out of 5","4 out of 5","2 out of 5 stars","-33"
"141",7,"Khalil Shakir",BUF,"WR53","7","2 out of 5","4 out of 5","4 out of 5 stars","+4"
"142",7,"Jordyn Tyson",NO,"WR54","8","3 out of 5","5 out of 5","3 out of 5 stars","-37"
"143",7,"Tyjae Spears",TEN,"RB45","9","3 out of 5","4 out of 5","3 out of 5 stars","+15"
"144",7,"Rashid Shaheed",SEA,"WR55","11","3 out of 5","4 out of 5","3 out of 5 stars","+13"
"145",7,"Deebo Samuel Sr.",SF,"WR56","8","4 out of 5","4 out of 5","2 out of 5 stars","+10"
"146",7,"Jonah Coleman",DEN,"RB46","10","4 out of 5","4 out of 5","2 out of 5 stars","+14"
"147",7,"Juwan Johnson",NO,"TE16","8","4 out of 5","2 out of 5","2 out of 5 stars","-8"
"148",7,"Tank Bigsby",PHI,"RB47","10","4 out of 5","4 out of 5","4 out of 5 stars","+21"
"149",7,"Zach Charbonnet",SEA,"RB48","11","3 out of 5","4 out of 5","4 out of 5 stars","+4"
"150",7,"Keaton Mitchell",LAC,"RB49","7","4 out of 5","3 out of 5","3 out of 5 stars","+6"
"151",7,"De'Zhaun Stribling",SF,"WR57","8","4 out of 5","4 out of 5","2 out of 5 stars","+8"
"152",7,"Hunter Henry",NE,"TE17","11","2 out of 5","4 out of 5","4 out of 5 stars","-18"
"153",7,"Alvin Kamara",NO,"RB50","8","3 out of 5","4 out of 5","3 out of 5 stars","+9"
"154",8,"Chig Okonkwo",WAS,"TE18","7","4 out of 5","4 out of 5","1 out of 5 stars","-8"
"155",8,"MarShawn Lloyd",GB,"RB51","11","4 out of 5","4 out of 5","4 out of 5 stars","+29"
"156",8,"Dylan Sampson",CLE,"RB52","11","4 out of 5","2 out of 5","3 out of 5 stars","+12"
"157",8,"Isiah Pacheco",DET,"RB53","6","3 out of 5","4 out of 5","5 out of 5 stars","+8"
"158",8,"Dalton Schultz",HOU,"TE19","8","4 out of 5","2 out of 5","4 out of 5 stars","-7"
"159",8,"Adonai Mitchell",NYJ,"WR58","13","4 out of 5","4 out of 5","4 out of 5 stars","+34"
"160",8,"Tyrone Tracy Jr.",NYG,"RB54","8","2 out of 5","5 out of 5","4 out of 5 stars","-8"
"161",8,"Brenton Strange",JAC,"TE20","7","4 out of 5","3 out of 5","3 out of 5 stars","-26"
"162",8,"Braelon Allen",NYJ,"RB55","13","2 out of 5","4 out of 5","3 out of 5 stars","+26"
"163",8,"Denzel Boston",CLE,"WR59","11","4 out of 5","4 out of 5","3 out of 5 stars","+1"
"164",8,"Tre Tucker",LV,"WR60","13","4 out of 5","2 out of 5","2 out of 5 stars","+18"
"165",8,"Brian Robinson Jr.",ATL,"RB56","11","2 out of 5","4 out of 5","2 out of 5 stars","-2"
"166",8,"Jerry Jeudy",CLE,"WR61","11","1 out of 5","4 out of 5","3 out of 5 stars","+23"
"167",8,"Jalen McMillan",TB,"WR62","10","4 out of 5","4 out of 5","4 out of 5 stars","+5"
"168",8,"Tre' Harris",LAC,"WR63","7","4 out of 5","2 out of 5","2 out of 5 stars","+23"
"169",8,"Dontayvion Wicks",PHI,"WR64","10","4 out of 5","4 out of 5","4 out of 5 stars","+34"
"170",8,"Ray Davis",BUF,"RB57","7","4 out of 5","4 out of 5","2 out of 5 stars","+36"
"171",8,"Jauan Jennings",MIN,"WR65","6","2 out of 5","4 out of 5","5 out of 5 stars","+7"
"172",8,"Mike Washington Jr.",LV,"RB58","13","4 out of 5","4 out of 5","2 out of 5 stars","+8"
"173",8,"Kayshon Boutte",HOU,"WR66","8","3 out of 5","4 out of 5","3 out of 5 stars","+42"
"174",8,"Terrance Ferguson",LAR,"TE21","11","4 out of 5","4 out of 5","4 out of 5 stars","+1"
"175",8,"Fernando Mendoza",LV,"QB30","13","4 out of 5","3 out of 5","1 out of 5 stars","-74"
"176",8,"Pat Bryant",DEN,"WR67","10","3 out of 5","4 out of 5","2 out of 5 stars","+41"
"177",8,"Omar Cooper Jr.",NYJ,"WR68","13","4 out of 5","4 out of 5","4 out of 5 stars","-1"
"178",8,"Ryan Flournoy",DAL,"WR69","14","4 out of 5","3 out of 5","2 out of 5 stars","+14"
"179",8,"AJ Barner",SEA,"TE22","11","4 out of 5","2 out of 5","3 out of 5 stars","-18"
"180",8,"Jalen Nailor",LV,"WR70","13","-","-","2 out of 5 stars","-10"
"181",8,"Emmett Johnson",KC,"RB59","5","4 out of 5","4 out of 5","3 out of 5 stars","+5"
"182",8,"T.J. Hockenson",MIN,"TE23","6","3 out of 5","4 out of 5","4 out of 5 stars","-33"
"183",8,"Malik Washington",MIA,"WR71","6","3 out of 5","4 out of 5","3 out of 5 stars","+7"
"184",8,"Oronde Gadsden II",LAC,"TE24","7","3 out of 5","4 out of 5","4 out of 5 stars","-47"
"185",8,"Calvin Ridley",TEN,"WR72","9","2 out of 5","4 out of 5","3 out of 5 stars","+34"
"186",8,"Kimani Vidal",LAC,"RB60","7","1 out of 5","4 out of 5","3 out of 5 stars","+28"
"187",8,"Tua Tagovailoa",ATL,"QB31","11","2 out of 5","5 out of 5","4 out of 5 stars","-45"
"188",8,"Keenan Allen",IND,"WR73","13","3 out of 5","3 out of 5","4 out of 5 stars","+10"
"189",8,"Kenyon Sadiq",NYJ,"TE25","13","4 out of 5","4 out of 5","4 out of 5 stars","-42"
"190",8,"Gunnar Helm",TEN,"TE26","9","3 out of 5","4 out of 5","3 out of 5 stars","-11"
"191",8,"Nicholas Singleton",TEN,"RB61","9","3 out of 5","4 out of 5","3 out of 5 stars","+8"
"192",8,"Sean Tucker",TB,"RB62","10","3 out of 5","4 out of 5","2 out of 5 stars","+28"
"193",8,"Travis Hunter",JAC,"WR74","7","3 out of 5","4 out of 5","4 out of 5 stars","-22"
"194",8,"Jaylin Noel",HOU,"WR75","8","4 out of 5","3 out of 5","3 out of 5 stars","+47"
"195",8,"Jaydon Blue",DAL,"RB63","14","4 out of 5","4 out of 5","4 out of 5 stars","+6"
"196",8,"Cooper Kupp",SEA,"WR76","11","2 out of 5","4 out of 5","3 out of 5 stars","+22"
"197",8,"Pat Freiermuth",PIT,"TE27","9","3 out of 5","3 out of 5","2 out of 5 stars","-12"
"198",8,"Rashod Bateman",BAL,"WR77","13","3 out of 5","4 out of 5","4 out of 5 stars","+34"
"199",8,"Tank Dell",HOU,"WR78","8","4 out of 5","4 out of 5","3 out of 5 stars","-18"
"200",8,"Cade Otton",TB,"TE28","10","2 out of 5","4 out of 5","2 out of 5 stars","-17"
"201",9,"Isaac TeSlaa",DET,"WR79","6","3 out of 5","4 out of 5","4 out of 5 stars","+3"
"202",9,"Kaytron Allen",WAS,"RB64","7","2 out of 5","4 out of 5","4 out of 5 stars","-2"
"203",9,"George Holani",SEA,"RB65","11","3 out of 5","4 out of 5","4 out of 5 stars","+30"
"204",9,"Darnell Mooney",NYG,"WR80","8","3 out of 5","4 out of 5","4 out of 5 stars","+38"
"205",9,"Michael Penix Jr.",ATL,"QB32","11","2 out of 5","5 out of 5","4 out of 5 stars","-32"
"206",9,"James Conner",ARI,"RB66","14","3 out of 5","4 out of 5","2 out of 5 stars","-9"
"207",9,"Emanuel Wilson",SEA,"RB67","11","2 out of 5","4 out of 5","4 out of 5 stars","+51"
"208",9,"Jaylen Wright",MIA,"RB68","6","-","-","3 out of 5 stars","+37"
"209",9,"Germie Bernard",PIT,"WR81","9","2 out of 5","4 out of 5","3 out of 5 stars","+7"
"210",9,"Kaelon Black",SF,"RB69","8","3 out of 5","4 out of 5","2 out of 5 stars","-14"
"211",9,"David Njoku",LAC,"TE29","7","4 out of 5","4 out of 5","4 out of 5 stars","-24"
"212",9,"Troy Franklin",DEN,"WR82","10","1 out of 5","5 out of 5","2 out of 5 stars","+39"
"213",9,"Zachariah Branch",ATL,"WR83","11","2 out of 5","4 out of 5","3 out of 5 stars","-8"
"214",9,"Justice Hill",BAL,"RB70","13","-","-","3 out of 5 stars","-4"
"215",9,"Evan Engram",DEN,"TE30","10","-","-","4 out of 5 stars","-13"
"216",9,"Devaughn Vele",NO,"WR84","8","2 out of 5","4 out of 5","3 out of 5 stars","+24"
"217",9,"Malachi Fields",NYG,"WR85","8","4 out of 5","4 out of 5","4 out of 5 stars","+5"
"218",9,"Deshaun Watson",CLE,"QB33","11","1 out of 5","5 out of 5","4 out of 5 stars","-51"
"219",9,"Keon Coleman",BUF,"WR86","7","2 out of 5","4 out of 5","4 out of 5 stars","+30"
"220",9,"Antonio Williams",WAS,"WR87","7","4 out of 5","2 out of 5","2 out of 5 stars","-11"
"221",9,"Jack Bech",LV,"WR88","13","3 out of 5","4 out of 5","2 out of 5 stars","+33"
"222",9,"Chris Brooks",GB,"RB71","11","2 out of 5","4 out of 5","4 out of 5 stars","-"
"223",9,"Kirk Cousins",LV,"QB34","13","2 out of 5","4 out of 5","1 out of 5 stars","-46"
"224",9,"Chris Bell",MIA,"WR89","6","3 out of 5","4 out of 5","3 out of 5 stars","+7"
"225",9,"Isaiah Davis",NYJ,"RB72","13","2 out of 5","4 out of 5","3 out of 5 stars","-"
"226",9,"Colby Parkinson",LAR,"TE31","11","-","-","4 out of 5 stars","-18"
"227",9,"Jordan James",SF,"RB73","8","2 out of 5","4 out of 5","2 out of 5 stars","-4"
"228",9,"Samaje Perine",CIN,"RB74","6","2 out of 5","5 out of 5","2 out of 5 stars","+8"
"229",9,"Demond Claiborne",MIN,"RB75","6","3 out of 5","4 out of 5","4 out of 5 stars","-8"
"230",9,"Najee Harris",NYG,"RB76","8","2 out of 5","4 out of 5","4 out of 5 stars","+8"
"231",9,"Ollie Gordon II",MIA,"RB77","6","3 out of 5","4 out of 5","3 out of 5 stars","+45"
"232",9,"Ja'Kobi Lane",BAL,"WR90","13","4 out of 5","4 out of 5","4 out of 5 stars","-37"
"233",9,"Tory Horton",SEA,"WR91","11","3 out of 5","4 out of 5","3 out of 5 stars","+23"
"234",9,"Malik Davis",DAL,"RB78","14","-","-","4 out of 5 stars","-"
"235",9,"Ty Johnson",BUF,"RB79","7","-","-","2 out of 5 stars","-"
"236",9,"Ted Hurst III",TB,"WR92","10","4 out of 5","4 out of 5","4 out of 5 stars","-8"
"237",9,"Elic Ayomanor",TEN,"WR93","9","1 out of 5","5 out of 5","3 out of 5 stars","-"
"238",9,"LeQuint Allen Jr.",JAC,"RB80","7","2 out of 5","4 out of 5","4 out of 5 stars","-"
"239",9,"Tyquan Thornton",KC,"WR94","5","2 out of 5","5 out of 5","2 out of 5 stars","-"
"240",9,"Chimere Dike",TEN,"WR95","9","1 out of 5","5 out of 5","3 out of 5 stars","+13"
"241",9,"Greg Dulcich",MIA,"TE32","6","4 out of 5","4 out of 5","5 out of 5 stars","-67"
"242",9,"DJ Giddens",IND,"RB81","13","2 out of 5","4 out of 5","4 out of 5 stars","-"
"243",9,"Shedeur Sanders",CLE,"QB35","11","3 out of 5","4 out of 5","4 out of 5 stars","-77"
"244",9,"Darius Slayton",NYG,"WR96","8","2 out of 5","4 out of 5","4 out of 5 stars","+30"
"245",9,"Christian Kirk",SF,"WR97","8","2 out of 5","4 out of 5","2 out of 5 stars","-"
"246",9,"Caleb Douglas",MIA,"WR98","6","3 out of 5","4 out of 5","3 out of 5 stars","-33"
"247",9,"Mason Taylor",NYJ,"TE33","13","1 out of 5","4 out of 5","4 out of 5 stars","-20"
"248",9,"Xavier Legette",CAR,"WR99","5","2 out of 5","4 out of 5","2 out of 5 stars","-"
"249",9,"Kendre Miller",NO,"RB82","8","2 out of 5","4 out of 5","3 out of 5 stars","+12"
"250",9,"Marvin Mims Jr.",DEN,"WR100","10","3 out of 5","4 out of 5","2 out of 5 stars","-"
"251",9,"Theo Johnson",NYG,"TE34","8","1 out of 5","5 out of 5","3 out of 5 stars","-5"
"252",9,"Seth McGowan",IND,"RB83","13","4 out of 5","4 out of 5","4 out of 5 stars","+8"
"253",9,"Devin Neal",NO,"RB84","8","2 out of 5","4 out of 5","3 out of 5 stars","-"
"254",9,"Elijah Sarratt",BAL,"WR101","13","4 out of 5","4 out of 5","4 out of 5 stars","+1"
"255",9,"Emari Demercado",KC,"RB85","5","1 out of 5","5 out of 5","3 out of 5 stars","-"
"256",9,"Adam Randall",BAL,"RB86","13","4 out of 5","4 out of 5","3 out of 5 stars","+12"
"257",9,"Brashard Smith",KC,"RB87","5","-","-","3 out of 5 stars","-"
"258",9,"Cyrus Allen",KC,"WR102","5","4 out of 5","4 out of 5","2 out of 5 stars","-51"
"259",9,"Devin Singletary",NYG,"RB88","8","1 out of 5","5 out of 5","4 out of 5 stars","-"
"260",9,"Eli Stowers",PHI,"TE35","10","4 out of 5","4 out of 5","4 out of 5 stars","-48"
"261",9,"Trevor Etienne",CAR,"RB89","5","-","-","1 out of 5 stars","-"
"262",9,"Hollywood Brown",PHI,"WR103","10","-","-","4 out of 5 stars","-"
"263",9,"Kyle Williams",NE,"WR104","11","3 out of 5","4 out of 5","2 out of 5 stars","-"
"264",10,"Tahj Brooks",CIN,"RB90","6","-","-","2 out of 5 stars","-"
"265",10,"Mack Hollins",NE,"WR105","11","-","-","2 out of 5 stars","-"
"266",10,"Kaleb Johnson",PIT,"RB91","9","2 out of 5","5 out of 5","2 out of 5 stars","-"
"267",10,"Mike Gesicki",CIN,"TE36","6","-","-","3 out of 5 stars","-56"
"268",10,"Jarquez Hunter",MIA,"RB92","6","-","-","3 out of 5 stars","-29"
"269",10,"Trey Benson",ARI,"RB93","14","1 out of 5","5 out of 5","2 out of 5 stars","-35"
"270",10,"Isaac Guerendo",SF,"RB94","8","-","-","2 out of 5 stars","-"
"271",10,"Audric Estime",NO,"RB95","8","-","-","3 out of 5 stars","-34"
"272",10,"Jerome Ford",WAS,"RB96","7","2 out of 5","4 out of 5","4 out of 5 stars","-"
"273",10,"Isaiah Bond",CLE,"WR106","11","-","-","3 out of 5 stars","-"
"274",10,"Jaleel McLaughlin",DEN,"RB97","10","-","-","2 out of 5 stars","-"
"275",10,"Skyler Bell",BUF,"WR107","7","-","-","4 out of 5 stars","-"
"276",10,"Will Shipley",PHI,"RB98","10","-","-","4 out of 5 stars","-"
"277",10,"Brandon Aiyuk",SF,"WR108","8","2 out of 5","5 out of 5","2 out of 5 stars","-27"
"278",10,"Jake Tonges",SF,"TE37","8","-","-","3 out of 5 stars","-54"
"279",10,"Darren Waller",CAR,"TE38","5","-","-","2 out of 5 stars","-44"
"280",10,"Andrei Iosivas",CIN,"WR109","6","-","-","4 out of 5 stars","-11"
"281",10,"Darnell Washington",PIT,"TE39","9","-","-","2 out of 5 stars","-37"
"282",10,"DeMario Douglas",NE,"WR110","11","-","-","2 out of 5 stars","-7"
"283",10,"Michael Mayer",LV,"TE40","13","-","-","3 out of 5 stars","-58"
"284",10,"Oscar Delp",NO,"TE41","8","4 out of 5","4 out of 5","2 out of 5 stars","-"
"285",10,"Tyreek Hill",FA,"WR111","-","1 out of 5","5 out of 5","-","-59"
"286",10,"Jahan Dotson",ATL,"WR112","11","-","-","3 out of 5 stars","-21"
"287",10,"Elijah Arroyo",SEA,"TE42","11","-","-","3 out of 5 stars","-25"
"288",10,"Charlie Kolar",LAC,"TE43","7","-","-","4 out of 5 stars","-"
"289",10,"Kareem Hunt",FA,"RB99","-","-","-","-","-"
"290",10,"Bryce Lance",NO,"WR113","8","-","-","3 out of 5 stars","-"
"291",10,"Erick All Jr.",CIN,"TE44","6","-","-","3 out of 5 stars","-"
"292",10,"Jalen Tolbert",MIA,"WR114","6","-","-","3 out of 5 stars","-"
"293",10,"Xavier Hutchinson",HOU,"WR115","8","-","-","3 out of 5 stars","-"
"294",10,"Cole Kmet",CHI,"TE45","10","-","-","2 out of 5 stars","-28"
"295",10,"Eli Raridon",NE,"TE46","11","-","-","4 out of 5 stars","-32"
"296",10,"Joe Mixon",FA,"RB100","-","-","-","-","-"
"297",10,"Dawson Knox",BUF,"TE47","7","-","-","3 out of 5 stars","-33"
"298",10,"Luke McCaffrey",WAS,"WR116","7","-","-","2 out of 5 stars","-"
"299",11,"Konata Mumpfield",LAR,"WR117","11","-","-","1 out of 5 stars","-"
"300",11,"Tyler Higbee",LAR,"TE48","11","-","-","4 out of 5 stars","-"
"301",11,"Noah Gray",KC,"TE49","5","-","-","4 out of 5 stars","-"
"302",11,"Tez Johnson",TB,"WR118","10","-","-","4 out of 5 stars","-"
"303",11,"Cedric Tillman",FA,"WR119","-","-","-","-","-"
"304",11,"Bam Knight",ARI,"RB101","14","-","-","2 out of 5 stars","-"
"305",11,"Brenen Thompson",LAC,"WR120","7","-","-","2 out of 5 stars","-"
"306",11,"Max Klare",LAR,"TE50","11","-","-","4 out of 5 stars","-"
"307",11,"Jalen Royals",KC,"WR121","5","-","-","2 out of 5 stars","-"
"308",11,"Joshua Palmer",BUF,"WR122","7","-","-","4 out of 5 stars","-"
"309",11,"Olamide Zaccheaus",ATL,"WR123","11","-","-","3 out of 5 stars","-"
"310",11,"Kendrick Bourne",ARI,"WR124","14","-","-","2 out of 5 stars","-"
"311",11,"Treylon Burks",WAS,"WR125","7","-","-","2 out of 5 stars","-"
"312",11,"Ja'Tavion Sanders",CAR,"TE51","5","-","-","2 out of 5 stars","-"
"313",11,"Chris Brazzell II",CAR,"WR126","5","-","-","2 out of 5 stars","-"
"314",11,"Eli Heidenreich",PIT,"RB102","9","-","-","2 out of 5 stars","-"
"315",11,"Jawhar Jordan",HOU,"RB103","8","-","-","4 out of 5 stars","-"
"316",11,"Justin Joly",DEN,"TE52","10","-","-","4 out of 5 stars","-"
"317",11,"Michael Carter",TEN,"RB104","9","-","-","3 out of 5 stars","-"
"318",11,"Savion Williams",GB,"WR127","11","-","-","5 out of 5 stars","-"
"319",11,"Carson Beck",ARI,"QB36","14","-","-","2 out of 5 stars","-125"
"320",11,"Raheim Sanders",CLE,"RB105","11","-","-","3 out of 5 stars","-"
"321",11,"Dont'e Thornton Jr.",LV,"WR128","13","-","-","2 out of 5 stars","-"
"322",11,"Roman Wilson",PIT,"WR129","9","-","-","3 out of 5 stars","-"
"323",11,"Malik Benson",LV,"WR130","13","-","-","2 out of 5 stars","-"
"324",11,"Noah Fant",NO,"TE53","8","-","-","2 out of 5 stars","-"
"325",11,"KaVontae Turpin",DAL,"WR131","14","-","-","2 out of 5 stars","-"
"326",11,"Roschon Johnson",CHI,"RB106","10","-","-","2 out of 5 stars","-"
"327",11,"Kalif Raymond",CHI,"WR132","10","-","-","3 out of 5 stars","-"
"328",11,"J.J. McCarthy",MIN,"QB37","6","-","-","5 out of 5 stars","-85"
"329",11,"Kevin Coleman Jr.",MIA,"WR133","6","-","-","3 out of 5 stars","-"
"330",11,"Colbie Young",CIN,"WR134","6","-","-","4 out of 5 stars","-"
"331",11,"Luke Musgrave",GB,"TE54","11","-","-","2 out of 5 stars","-"
"332",11,"CJ Daniels",LAR,"WR135","11","-","-","1 out of 5 stars","-"
"333",11,"Tommy Tremble",CAR,"TE55","5","-","-","2 out of 5 stars","-"
"334",11,"Jam Miller",NE,"RB107","11","-","-","2 out of 5 stars","-"
"335",11,"Jaylin Lane",WAS,"WR136","7","-","-","2 out of 5 stars","-"
"336",11,"J'Mari Taylor",JAC,"RB108","7","-","-","4 out of 5 stars","-"
"337",11,"Ben Sinnott",WAS,"TE56","7","-","-","1 out of 5 stars","-"
"338",11,"John Metchie III",CAR,"WR137","5","-","-","2 out of 5 stars","-"
"339",11,"Demarcus Robinson",SF,"WR138","8","-","-","2 out of 5 stars","-"
"340",11,"Jordan Whittington",LAR,"WR139","11","-","-","1 out of 5 stars","-"
"341",11,"Zavion Thomas",CHI,"WR140","10","-","-","3 out of 5 stars","-"
"342",11,"Austin Hooper",ATL,"TE57","11","-","-","3 out of 5 stars","-"
"343",11,"Rasheen Ali",BAL,"RB109","13","-","-","3 out of 5 stars","-"
"344",11,"Tutu Atwell",LAR,"WR141","11","-","-","1 out of 5 stars","-"
"345",11,"Devontez Walker",BAL,"WR142","13","-","-","4 out of 5 stars","-"
"346",11,"Mitchell Evans",CAR,"TE58","5","-","-","2 out of 5 stars","-"
"347",11,"Daniel Bellinger",TEN,"TE59","9","-","-","3 out of 5 stars","-"
"348",11,"Kyle Juszczyk",SF,"RB110","8","-","-","2 out of 5 stars","-"
"349",11,"Phil Mafah",DAL,"RB111","14","-","-","4 out of 5 stars","-"
"350",11,"Mac Jones",SF,"QB38","8","-","-","1 out of 5 stars","-102"
"351",11,"Barion Brown",NO,"WR143","8","-","-","3 out of 5 stars","-"
"352",11,"Nick Westbrook-Ikhine",IND,"WR144","13","-","-","4 out of 5 stars","-"
"353",11,"Greg Dortch",DET,"WR145","6","-","-","4 out of 5 stars","-"
"354",11,"Ashton Dulin",IND,"WR146","13","-","-","4 out of 5 stars","-"
"355",11,"Zavier Scott",MIN,"RB112","6","-","-","4 out of 5 stars","-"
"356",11,"Sione Vaki",DET,"RB113","6","-","-","5 out of 5 stars","-"
"357",11,"Dameon Pierce",PHI,"RB114","10","-","-","4 out of 5 stars","-"
"358",11,"Terrell Jennings",FA,"RB115","-","-","-","-","-"
"359",11,"Austin Ekeler",FA,"RB116","-","-","-","-","-"
"360",11,"John Bates",WAS,"TE60","7","-","-","1 out of 5 stars","-"
"361",11,"Deion Burks",IND,"WR147","13","-","-","4 out of 5 stars","-"
"362",11,"Marlin Klein",HOU,"TE61","8","-","-","4 out of 5 stars","-"
"363",11,"Elijah Higgins",ARI,"TE62","14","-","-","2 out of 5 stars","-"
"364",12,"Jackson Hawes",BUF,"TE63","7","-","-","3 out of 5 stars","-"
"365",12,"Tai Felton",MIN,"WR148","6","-","-","5 out of 5 stars","-"
"366",12,"Damien Martinez",GB,"RB117","11","-","-","4 out of 5 stars","-"
"367",12,"Dyami Brown",WAS,"WR149","7","-","-","2 out of 5 stars","-"
"368",12,"Will Kacmarek",MIA,"TE64","6","-","-","5 out of 5 stars","-"
"369",12,"Anthony Richardson Sr.",IND,"QB39","13","-","-","4 out of 5 stars","-"
"370",12,"Tanner Koziol",JAC,"TE65","7","-","-","3 out of 5 stars","-"
"371",12,"Justin Fields",KC,"QB40","5","-","-","2 out of 5 stars","-119"
"372",12,"Ty Simpson",LAR,"QB41","11","-","-","3 out of 5 stars","-143"
"373",12,"Adam Trautman",DEN,"TE66","10","-","-","4 out of 5 stars","-"
"374",12,"Odell Beckham Jr.",NYG,"WR150","8","-","-","4 out of 5 stars","-115"
"375",12,"Joe Milton III",DAL,"QB42","14","-","-","2 out of 5 stars","-104"
"376",12,"Jimmy Horn Jr.",CAR,"WR151","5","-","-","2 out of 5 stars","-"
"377",12,"Tyler Goodson",ATL,"RB118","11","-","-","2 out of 5 stars","-"
"378",12,"Robert Henry Jr.",WAS,"RB119","7","-","-","4 out of 5 stars","-"
"379",12,"Tommy Myers",FA,"TE67","-","-","-","-","-"
"380",12,"Hunter Luepke",DAL,"RB120","14","-","-","4 out of 5 stars","-"
"381",12,"Ronnie Rivers",LAR,"RB121","11","-","-","5 out of 5 stars","-"
"382",12,"Khalil Herbert",SF,"RB122","8","-","-","2 out of 5 stars","-"
"383",12,"Dylan Laube",LV,"RB123","13","-","-","2 out of 5 stars","-"
"384",12,"Marquez Valdes-Scantling",DAL,"WR152","14","-","-","2 out of 5 stars","-"
"385",12,"Zach Ertz",FA,"TE68","-","-","-","-","-"
"386",12,"Jonnu Smith",GB,"TE69","11","-","-","2 out of 5 stars","-"
"387",12,"Van Jefferson",WAS,"WR153","7","-","-","2 out of 5 stars","-"
"388",12,"Matt Hibner",BAL,"TE70","13","-","-","4 out of 5 stars","-"
"389",12,"Antonio Gibson",FA,"RB124","-","-","-","-","-"
"390",12,"Josh Oliver",MIN,"TE71","6","-","-","4 out of 5 stars","-"
"391",12,"Drew Sample",CIN,"TE72","6","-","-","3 out of 5 stars","-"
"392",12,"Xavier Smith",LAR,"WR154","11","-","-","1 out of 5 stars","-"
"393",12,"Reggie Virgil",ARI,"WR155","14","-","-","2 out of 5 stars","-"
"394",12,"Mitch Tinsley",CIN,"WR156","6","-","-","4 out of 5 stars","-"
"395",12,"Jahdae Walker",CHI,"WR157","10","-","-","3 out of 5 stars","-"
"396",12,"Isaiah Williams",FA,"WR158","-","-","-","-","-"
"397",12,"Mo Alie-Cox",IND,"TE73","13","-","-","3 out of 5 stars","-"
"398",12,"Foster Moreau",HOU,"TE74","8","-","-","4 out of 5 stars","-"
"399",12,"Luke Schoonmaker",DAL,"TE75","14","-","-","2 out of 5 stars","-"
"400",12,"Nate Boerkircher",JAC,"TE76","7","-","-","3 out of 5 stars","-"
"401",12,"Tim Patrick",NYJ,"WR159","13","-","-","4 out of 5 stars","-"
"402",12,"Cade Stover",HOU,"TE77","8","-","-","4 out of 5 stars","-"
"403",12,"Brock Wright",DET,"TE78","6","-","-","3 out of 5 stars","-"
"404",12,"Jeremy McNichols",WAS,"RB125","7","-","-","4 out of 5 stars","-"
"405",12,"Jelani Woods",NYJ,"TE79","13","-","-","4 out of 5 stars","-"
"406",12,"Jeremy Ruckert",NYJ,"TE80","13","-","-","4 out of 5 stars","-"
"407",12,"Cade Klubnik",NYJ,"QB43","13","-","-","4 out of 5 stars","-137"
"408",12,"Lil'Jordan Humphrey",DEN,"WR160","10","-","-","2 out of 5 stars","-"
"409",12,"Durham Smythe",BAL,"TE81","13","-","-","4 out of 5 stars","-"
"410",12,"Tanner Hudson",CIN,"TE82","6","-","-","3 out of 5 stars","-"
"411",12,"Jameis Winston",NYG,"QB44","8","-","-","4 out of 5 stars","-139"
"412",12,"KeAndre Lambert-Smith",LAC,"WR161","7","-","-","2 out of 5 stars","-"
"413",12,"Josh Cameron",JAC,"WR162","7","-","-","4 out of 5 stars","-"
"414",12,"Roman Hemby",LV,"RB126","13","-","-","2 out of 5 stars","-"
"415",12,"Frank Gore Jr.",BUF,"RB127","7","-","-","2 out of 5 stars","-"
"416",12,"Nate Adkins",DEN,"TE83","10","-","-","4 out of 5 stars","-"
"417",12,"Efton Chism III",NE,"WR163","11","-","-","2 out of 5 stars","-"
"418",12,"Lan Larison",NE,"RB128","11","-","-","2 out of 5 stars","-"
"419",12,"Jacob Saylors",DET,"RB129","6","-","-","5 out of 5 stars","-"
"420",12,"Brycen Tremayne",CAR,"WR164","5","-","-","2 out of 5 stars","-"
"421",12,"Alec Ingold",LAC,"RB130","7","-","-","3 out of 5 stars","-"
"422",12,"Jalen Brooks",ARI,"WR165","14","-","-","2 out of 5 stars","-"
"423",12,"Max Bredeson",MIN,"RB131","6","-","-","4 out of 5 stars","-"
"424",12,"DeAndre Hopkins",BAL,"WR166","13","-","-","4 out of 5 stars","-"
"425",12,"Jaret Patterson",LAC,"RB132","7","-","-","3 out of 5 stars","-"
"426",12,"Patrick Ricard",NYG,"RB133","8","-","-","4 out of 5 stars","-"
"427",12,"Adam Prentice",DEN,"RB134","10","-","-","2 out of 5 stars","-"
"428",12,"British Brooks",HOU,"RB135","8","-","-","4 out of 5 stars","-"
"429",12,"Reggie Gilliam",NE,"RB136","11","-","-","2 out of 5 stars","-"
"430",12,"Xavier Restrepo",TEN,"WR167","9","-","-","3 out of 5 stars","-"
"431",12,"Josh Williams",TB,"RB137","10","-","-","2 out of 5 stars","-"
"432",12,"Kene Nwangwu",NYJ,"RB138","13","-","-","3 out of 5 stars","-"
"433",12,"Chris Blair",ATL,"WR168","11","-","-","3 out of 5 stars","-"
"434",12,"Elijah Moore",PHI,"WR169","10","-","-","4 out of 5 stars","-"
"435",12,"Sam Roush",CHI,"TE84","10","-","-","2 out of 5 stars","-"
"436",12,"Nathan Carter",ATL,"RB139","11","-","-","2 out of 5 stars","-"
"437",12,"Josh Cuevas",BAL,"TE85","13","-","-","4 out of 5 stars","-"
"438",12,"Michael Burton",CLE,"RB140","11","-","-","3 out of 5 stars","-"
"439",12,"Moliki Matavao",NO,"TE86","8","-","-","2 out of 5 stars","-"
"440",12,"Davis Allen",LAR,"TE87","11","-","-","4 out of 5 stars","-"
"441",12,"Cedrick Wilson Jr.",FA,"WR170","-","-","-","-","-"
"442",12,"Khalil Dinkins",SF,"TE88","8","-","-","3 out of 5 stars","-"
"443",12,"Jacob Cowing",SF,"WR171","8","-","-","2 out of 5 stars","-"
"444",12,"Julian Hill",NE,"TE89","11","-","-","4 out of 5 stars","-"
"445",12,"Luke Farrell",SF,"TE90","8","-","-","3 out of 5 stars","-"
"446",12,"Justin Watson",HOU,"WR172","8","-","-","3 out of 5 stars","-"
"447",12,"Payne Durham",TB,"TE91","10","-","-","2 out of 5 stars","-"
"448",12,"David Sills V",TB,"WR173","10","-","-","4 out of 5 stars","-"
"449",12,"Lew Nichols III",PIT,"RB141","9","-","-","2 out of 5 stars","-"
"450",12,"Ben Sims",MIA,"TE92","6","-","-","5 out of 5 stars","-"
"451",12,"Myles Price",MIN,"WR174","6","-","-","5 out of 5 stars","-"
"452",12,"Josh Whyle",GB,"TE93","11","-","-","2 out of 5 stars","-"
"453",12,"Marcus Mariota",WAS,"QB45","7","-","-","2 out of 5 stars","-"
"454",12,"Blake Whiteheart",CLE,"TE94","11","-","-","3 out of 5 stars","-"
"455",12,"Velus Jones Jr.",SEA,"WR175","11","-","-","3 out of 5 stars","-"
"456",12,"Riley Leonard",IND,"QB46","13","-","-","4 out of 5 stars","-199"
"457",12,"Tyrell Shavers",BUF,"WR176","7","-","-","4 out of 5 stars","-"
"458",12,"Mason Tipton",NO,"WR177","8","-","-","3 out of 5 stars","-"
"459",12,"Brevyn Spann-Ford",DAL,"TE95","14","-","-","2 out of 5 stars","-"
"460",13,"Derius Davis",LAC,"WR178","7","-","-","2 out of 5 stars","-"
"461",13,"Kameron Johnson",TB,"WR179","10","-","-","4 out of 5 stars","-"
"462",13,"Kaden Wetjen",PIT,"WR180","9","-","-","3 out of 5 stars","-"
"463",13,"Cash Jones",ATL,"RB142","11","-","-","2 out of 5 stars","-"
"464",13,"Scotty Miller",CHI,"WR181","10","-","-","3 out of 5 stars","-"
"465",13,"Theo Wease Jr.",MIA,"WR182","6","-","-","3 out of 5 stars","-"
"466",13,"Bo Melton",GB,"WR183","11","-","-","5 out of 5 stars","-"
"467",13,"Joe Flacco",CIN,"QB47","6","-","-","3 out of 5 stars","-200"
"468",13,"Ben Skowronek",PIT,"WR184","9","-","-","3 out of 5 stars","-"
"469",13,"Noah Whittington",HOU,"RB143","8","-","-","4 out of 5 stars","-"
"470",13,"Tyler Badie",DEN,"RB144","10","-","-","2 out of 5 stars","-"
"471",13,"Arian Smith",NYJ,"WR185","13","-","-","4 out of 5 stars","-"
"472",13,"Tyler Lockett",LV,"WR186","13","-","-","2 out of 5 stars","-"
"473",13,"Michael Bandy",DEN,"WR187","10","-","-","2 out of 5 stars","-"
"474",13,"Sincere McCormick",SF,"RB145","8","-","-","2 out of 5 stars","-"
"475",13,"Travis Homer",PIT,"RB146","9","-","-","2 out of 5 stars","-"
"476",13,"Jonathan Mingo",DAL,"WR188","14","-","-","2 out of 5 stars","-"
"477",13,"Malachi Corley",CLE,"WR189","11","-","-","3 out of 5 stars","-"
"478",13,"Tyrod Taylor",GB,"QB48","11","-","-","4 out of 5 stars","-"
"479",13,"Jaydn Ott",KC,"RB147","5","-","-","3 out of 5 stars","-"
"480",13,"Skyy Moore",GB,"WR190","11","-","-","5 out of 5 stars","-"
"481",13,"Mecole Hardman Jr.",BUF,"WR191","7","-","-","4 out of 5 stars","-"
"482",13,"Miles Davis",CAR,"RB148","5","-","-","1 out of 5 stars","-"
"483",13,"Anthony Gould",IND,"WR192","13","-","-","4 out of 5 stars","-"
"484",13,"Cody White",SEA,"WR193","11","-","-","3 out of 5 stars","-"
"485",13,"Darius Cooper",PHI,"WR194","10","-","-","4 out of 5 stars","-"
"486",13,"David Moore",CAR,"WR195","5","-","-","2 out of 5 stars","-"
"487",13,"Jared Wayne",HOU,"WR196","8","-","-","3 out of 5 stars","-"
"488",13,"Kevin Austin Jr.",NO,"WR197","8","-","-","3 out of 5 stars","-"
"489",13,"Ahmani Marshall",CLE,"RB149","11","-","-","3 out of 5 stars","-"
"490",13,"Devin Duvernay",ARI,"WR198","14","-","-","2 out of 5 stars","-"
"491",13,"Michael Woods II",DEN,"WR199","10","-","-","2 out of 5 stars","-"
"492",13,"Jalen Reagor",MIA,"WR200","6","-","-","3 out of 5 stars","-"
"493",13,"Jake Bobo",SEA,"WR201","11","-","-","3 out of 5 stars","-"
"494",13,"Isaiah Williams",NYJ,"WR202","13","-","-","4 out of 5 stars","-"
"495",13,"Jakobie Keeney-James",PIT,"WR203","9","-","-","3 out of 5 stars","-"
"496",13,"Nikko Remigio",KC,"WR204","5","-","-","2 out of 5 stars","-"
"497",13,"Casey Washington",CAR,"WR205","5","-","-","2 out of 5 stars","-"
"498",13,"Dareke Young",LV,"WR206","13","-","-","2 out of 5 stars","-"
"499",13,"Gage Larvadain",CLE,"WR207","11","-","-","3 out of 5 stars","-"
"500",13,"Britain Covey",PHI,"WR208","10","-","-","4 out of 5 stars","-"
"501",13,"Jeshaun Jones",MIN,"WR209","6","-","-","5 out of 5 stars","-"
"502",13,"Ke'Shawn Williams",CIN,"WR210","6","-","-","4 out of 5 stars","-"
"503",13,"Quentin Skinner",BUF,"WR211","7","-","-","4 out of 5 stars","-"
"504",13,"Anderson Castle",IND,"RB150","13","-","-","4 out of 5 stars","-"
"505",13,"Jordan Watkins",SF,"WR212","8","-","-","2 out of 5 stars","-"
"506",13,"DeeJay Dallas",JAC,"RB151","7","-","-","4 out of 5 stars","-"
"507",13,"Mason Kinsey",TEN,"WR213","9","-","-","3 out of 5 stars","-"
"508",13,"Charlie Jones",CIN,"WR214","6","-","-","4 out of 5 stars","-"
"509",13,"Coleman Owen",IND,"WR215","13","-","-","4 out of 5 stars","-"
"510",13,"Eric Gray",NYG,"RB152","8","-","-","4 out of 5 stars","-"
"511",13,"Maurice Alexander",CHI,"WR216","10","-","-","3 out of 5 stars","-"
"512",13,"Miles Kitselman",FA,"TE96","-","-","-","-","-"
"513",13,"CJ Donaldson",NO,"RB153","8","-","-","3 out of 5 stars","-"
"514",13,"Michael Trigg",DAL,"TE97","14","-","-","2 out of 5 stars","-"
"515",13,"Corey Kiner",ARI,"RB154","14","-","-","2 out of 5 stars","-"
"516",13,"Jack Endries",CIN,"TE98","6","-","-","3 out of 5 stars","-"
"517",13,"Tyler Conklin",DET,"TE99","6","-","-","3 out of 5 stars","-"
"518",13,"Miles Sanders",FA,"RB155","-","-","-","-","-"
"519",13,"Drake Dabney",GB,"TE100","11","-","-","2 out of 5 stars","-"
"520",13,"Alexander Mattison",FA,"RB156","-","-","-","-","-"
"521",13,"Ulysses Bentley IV",IND,"RB157","13","-","-","4 out of 5 stars","-"
"522",13,"Joe Royer",CLE,"TE101","11","-","-","3 out of 5 stars","-"
"523",13,"Elijah Tau-Tolliver",BAL,"RB158","13","-","-","3 out of 5 stars","-"
"524",13,"Jaheim Bell",PIT,"TE102","9","-","-","2 out of 5 stars","-"
"525",13,"Seydou Traore",MIA,"TE103","6","-","-","5 out of 5 stars","-"
"526",13,"Grant Calcaterra",PHI,"TE104","10","-","-","4 out of 5 stars","-"
"527",13,"Albert Okwuegbunam Jr.",LV,"TE105","13","-","-","3 out of 5 stars","-"
"528",13,"Charlie Woerner",ATL,"TE106","11","-","-","3 out of 5 stars","-"
"529",13,"Stone Smartt",PHI,"TE107","10","-","-","4 out of 5 stars","-"
"530",13,"Myles Montgomery",FA,"RB159","-","-","-","-","-"
"531",13,"Bauer Sharp",TB,"TE108","10","-","-","2 out of 5 stars","-"
"532",13,"Dohnte Meyers",CIN,"WR217","6","-","-","4 out of 5 stars","-"
"533",13,"Eric Saubert",SEA,"TE109","11","-","-","3 out of 5 stars","-"
"534",13,"Tip Reiman",ARI,"TE110","14","-","-","2 out of 5 stars","-"
"535",13,"Joel Wilson",TEN,"TE111","9","-","-","3 out of 5 stars","-"
"536",13,"Kalel Mullings",TEN,"RB160","9","-","-","3 out of 5 stars","-"
"537",13,"Carsen Ryan",CLE,"TE112","11","-","-","3 out of 5 stars","-"
"538",13,"JaMycal Hasty",NE,"RB161","11","-","-","2 out of 5 stars","-"
"539",13,"Brevin Jordan",HOU,"TE113","8","-","-","4 out of 5 stars","-"
"540",13,"Drew Ogletree",IND,"TE114","13","-","-","3 out of 5 stars","-"
"541",13,"Joshua Simon",ATL,"TE115","11","-","-","3 out of 5 stars","-"
"542",13,"Ty Pezza",BAL,"TE116","13","-","-","4 out of 5 stars","-"
"543",13,"Jared Wiley",KC,"TE117","5","-","-","4 out of 5 stars","-"
"544",13,"Jake Briningstool",KC,"TE118","5","-","-","4 out of 5 stars","-"
"545",13,"Gavin Bartholomew",MIN,"TE119","6","-","-","4 out of 5 stars","-"
"546",13,"Kendrick Law",DET,"WR218","6","-","-","4 out of 5 stars","-"
"547",13,"Craig Reynolds",WAS,"RB162","7","-","-","4 out of 5 stars","-"
"548",13,"Kylen Granson",TEN,"TE120","9","-","-","3 out of 5 stars","-"
"549",13,"Teagan Quitoriano",ARI,"TE121","14","-","-","2 out of 5 stars","-"
"550",13,"Ben Yurosek",MIN,"TE122","6","-","-","4 out of 5 stars","-"
"551",13,"Isaiah Hodgins",NYG,"WR219","8","-","-","4 out of 5 stars","-"
"552",13,"Devin Culp",TB,"TE123","10","-","-","2 out of 5 stars","-"
"553",13,"Jabari Small",DET,"RB163","6","-","-","5 out of 5 stars","-"
"554",13,"Ian Thomas",LV,"TE124","13","-","-","3 out of 5 stars","-"
"555",14,"Michael Wortham",JAC,"WR220","7","-","-","4 out of 5 stars","-"
"556",14,"Jack Velling",ATL,"TE125","11","-","-","3 out of 5 stars","-"
"557",14,"Jack Stoll",FA,"TE126","-","-","-","-","-"
"558",14,"Hassan Haskins",NE,"RB164","11","-","-","2 out of 5 stars","-"
"559",14,"Bryson Nesbit",MIN,"TE127","6","-","-","4 out of 5 stars","-"
"560",14,"Will Mallory",IND,"TE128","13","-","-","3 out of 5 stars","-"
"561",14,"Ray-Ray McCloud III",CHI,"WR221","10","-","-","3 out of 5 stars","-"
"562",14,"Ameer Abdullah",JAC,"RB165","7","-","-","4 out of 5 stars","-"
"563",14,"Cole Turner",MIA,"TE129","6","-","-","5 out of 5 stars","-"
"564",14,"JuJu Smith-Schuster",FA,"WR222","-","-","-","-","-"
"565",14,"Tyler Johnson",DAL,"WR223","14","-","-","2 out of 5 stars","-"
"566",14,"Jake Browning",TB,"QB49","10","-","-","2 out of 5 stars","-"
"567",14,"Ronnie Bell",NO,"WR224","8","-","-","3 out of 5 stars","-"
"568",14,"Lucas Krull",DEN,"TE130","10","-","-","4 out of 5 stars","-"
"569",14,"Brayden Willis",SF,"TE131","8","-","-","3 out of 5 stars","-"
"570",14,"Tanner Conner",NYG,"TE132","8","-","-","3 out of 5 stars","-"
"571",14,"Johnny Mundt",PHI,"TE133","10","-","-","4 out of 5 stars","-"
"572",14,"Colson Yankoff",WAS,"TE134","7","-","-","1 out of 5 stars","-"
"573",14,"Chris Manhertz",NYG,"TE135","8","-","-","3 out of 5 stars","-"
"574",14,"Montorie Foster Jr.",SEA,"WR225","11","-","-","3 out of 5 stars","-"
"575",14,"Sterling Shepard",HOU,"WR226","8","-","-","3 out of 5 stars","-"
"576",14,"Brenden Bates",FA,"TE136","-","-","-","-","-"
"577",14,"Desmond Reid",FA,"RB166","-","-","-","-","-"
"578",14,"Jermar Jefferson",MIN,"RB167","6","-","-","4 out of 5 stars","-"
"579",14,"Donovan Edwards",MIA,"RB168","6","-","-","3 out of 5 stars","-"
"580",14,"Hunter Long",JAC,"TE137","7","-","-","3 out of 5 stars","-"
"581",14,"Michael Briscoe",MIN,"WR227","6","-","-","5 out of 5 stars","-"
"582",14,"Quintin Morris",JAC,"TE138","7","-","-","3 out of 5 stars","-"
"583",14,"Hayden Rucci",SF,"TE139","8","-","-","3 out of 5 stars","-"
"584",14,"John Michael Gyllenborg",KC,"TE140","5","-","-","4 out of 5 stars","-"
"585",14,"Rivaldo Fairweather",ARI,"TE141","14","-","-","2 out of 5 stars","-"
"586",14,"David Martin-Robinson",TEN,"TE142","9","-","-","3 out of 5 stars","-"
"587",14,"J. Michael Sturdivant",GB,"WR228","11","-","-","5 out of 5 stars","-"
"588",14,"Jamal Haynes",CIN,"RB169","6","-","-","2 out of 5 stars","-"
"589",14,"Princeton Fant",DAL,"TE143","14","-","-","2 out of 5 stars","-"
"590",14,"Tahj Washington",PHI,"WR229","10","-","-","4 out of 5 stars","-"
"591",14,"CJ Dippre",NE,"TE144","11","-","-","4 out of 5 stars","-"
"592",14,"Ko Kieft",TB,"TE145","10","-","-","2 out of 5 stars","-"
"593",14,"Jack Westover",NE,"TE146","11","-","-","4 out of 5 stars","-"
"594",14,"Dante Pettis",BUF,"WR230","7","-","-","4 out of 5 stars","-"
"595",14,"Xavier Weaver",ARI,"WR231","14","-","-","2 out of 5 stars","-"
"596",14,"Cameron Latu",PHI,"TE147","10","-","-","4 out of 5 stars","-"
"597",14,"Dean Connors",LAR,"RB170","11","-","-","5 out of 5 stars","-"
"598",14,"Zay Jones",HOU,"WR232","8","-","-","3 out of 5 stars","-"
"599",14,"Lance Mason",PIT,"TE148","9","-","-","2 out of 5 stars","-"
"600",14,"Tanner Arkin",NE,"TE149","11","-","-","4 out of 5 stars","-"
"601",14,"Shedrick Jackson",LV,"WR233","13","-","-","2 out of 5 stars","-"
"602",14,"Deven Thompkins",LV,"WR234","13","-","-","2 out of 5 stars","-"
"603",14,"Zach Horton",DET,"TE150","6","-","-","3 out of 5 stars","-"
"604",14,"Kendric Pryor",CIN,"WR235","6","-","-","4 out of 5 stars","-"
"605",14,"Chris Moore",BAL,"WR236","13","-","-","4 out of 5 stars","-"
"606",14,"Quinn Ewers",MIA,"QB50","6","-","-","3 out of 5 stars","-359"
"607",14,"Bub Means",NO,"WR237","8","-","-","3 out of 5 stars","-"
"608",14,"Kenny Fletcher Jr.",TB,"TE151","10","-","-","2 out of 5 stars","-"
"609",14,"Gunner Olszewski",NYG,"WR238","8","-","-","4 out of 5 stars","-"
"610",14,"Gardner Minshew II",ARI,"QB51","14","-","-","2 out of 5 stars","-"
"611",14,"Lake McRee",PIT,"TE152","9","-","-","2 out of 5 stars","-"
"612",14,"Tyson Bagent",CHI,"QB52","10","-","-","3 out of 5 stars","-339"
"613",14,"Davis Mills",HOU,"QB53","8","-","-","4 out of 5 stars","-"
"614",14,"James Mitchell",CAR,"TE153","5","-","-","2 out of 5 stars","-"
"615",14,"Tylan Wallace",CLE,"WR239","11","-","-","3 out of 5 stars","-"
"616",14,"Tre Watson",KC,"TE154","5","-","-","4 out of 5 stars","-"
"617",14,"K.J. Osborn",TEN,"WR240","9","-","-","3 out of 5 stars","-"
"618",14,"Tay Martin",DET,"WR241","6","-","-","4 out of 5 stars","-"
"619",14,"Terrace Marshall Jr.",MIA,"WR242","6","-","-","3 out of 5 stars","-"
"620",14,"E.J. Jenkins",PHI,"TE155","10","-","-","4 out of 5 stars","-"
"621",14,"Chase Curtis",NYJ,"TE156","13","-","-","4 out of 5 stars","-"
"622",14,"Dominic Lovett",DET,"WR243","6","-","-","4 out of 5 stars","-"
"623",14,"Kentrel Bullock",CIN,"RB171","6","-","-","2 out of 5 stars","-"
"624",14,"Dalevon Campbell",LAC,"WR244","7","-","-","2 out of 5 stars","-"
"625",14,"Thomas Gordon",DET,"TE157","6","-","-","3 out of 5 stars","-"
"626",14,"Braxton Berrios",NYG,"WR245","8","-","-","4 out of 5 stars","-"
"627",14,"DJ Rogers",DAL,"TE158","14","-","-","2 out of 5 stars","-"
"628",14,"Tyler Scott",LAR,"WR246","11","-","-","1 out of 5 stars","-"
"629",14,"Spencer Rattler",NO,"QB54","8","-","-","3 out of 5 stars","-"
"630",14,"Trey Lance",LAC,"QB55","7","-","-","2 out of 5 stars","-"
"631",14,"Tyler Huntley",BAL,"QB56","13","-","-","3 out of 5 stars","-"
"632",14,"Tom Kennedy",DET,"WR247","6","-","-","4 out of 5 stars","-"
"633",14,"Jalen Milroe",SEA,"QB57","11","-","-","4 out of 5 stars","-"
"634",14,"Dylan Drummond",ATL,"WR248","11","-","-","3 out of 5 stars","-"
"635",14,"LaJohntay Wester",BAL,"WR249","13","-","-","4 out of 5 stars","-"
"636",14,"Ryan Miller",MIA,"WR250","6","-","-","3 out of 5 stars","-"
"637",14,"Pierre Strong Jr.",GB,"RB172","11","-","-","4 out of 5 stars","-"
"638",14,"Quentin Moore",WAS,"TE159","7","-","-","1 out of 5 stars","-"
"639",14,"Nick Kallerup",SEA,"TE160","11","-","-","3 out of 5 stars","-"
"640",14,"Jamari Thrash",CLE,"WR251","11","-","-","3 out of 5 stars","-"
"641",14,"Drew Allar",PIT,"QB58","9","-","-","2 out of 5 stars","-"
"642",14,"Noah Brown",FA,"WR252","-","-","-","-","-"
"643",14,"Cam Grandy",CIN,"TE161","6","-","-","3 out of 5 stars","-"
"644",14,"Patrick Herbert",JAC,"TE162","7","-","-","3 out of 5 stars","-"
"645",14,"KhaDarel Hodge",SF,"WR253","8","-","-","2 out of 5 stars","-"
"646",14,"Jalin Hyatt",NYG,"WR254","8","-","-","4 out of 5 stars","-"
"647",14,"Austin Trammell",JAC,"WR255","7","-","-","4 out of 5 stars","-"
"648",14,"Carson Towt",IND,"TE163","13","-","-","3 out of 5 stars","-"
"649",14,"Shane Zylstra",BUF,"TE164","7","-","-","3 out of 5 stars","-"
"650",14,"Zaire Mitchell-Paden",NO,"TE165","8","-","-","2 out of 5 stars","-"
"651",14,"Dontae McMillan",BAL,"RB173","13","-","-","3 out of 5 stars","-"
"652",14,"Curtis Samuel",FA,"WR256","-","-","-","-","-"
"653",14,"Messiah Swinson",GB,"TE166","11","-","-","2 out of 5 stars","-"
"654",14,"Jordan Waters",LAR,"RB174","11","-","-","5 out of 5 stars","-"
"655",14,"Joshua Cephus",FA,"WR257","-","-","-","-","-"
"656",14,"Samori Toure",PHI,"WR258","10","-","-","4 out of 5 stars","-"
"657",14,"Deontay Burnett",FA,"WR259","-","-","-","-","-"
"658",14,"Carter Runyon",LV,"TE167","13","-","-","3 out of 5 stars","-"
"659",14,"Treyton Welch",NO,"TE168","8","-","-","2 out of 5 stars","-"
"660",14,"Jarrett Stidham",DEN,"QB59","10","-","-","3 out of 5 stars","-"
"661",14,"Jameson Geers",ARI,"TE169","14","-","-","2 out of 5 stars","-"
"662",14,"AJ Dillon",CAR,"RB175","5","-","-","1 out of 5 stars","-"
"663",14,"Brittain Brown",CHI,"RB176","10","-","-","2 out of 5 stars","-"
"664",14,"Keleki Latu",BUF,"TE170","7","-","-","3 out of 5 stars","-"
"665",14,"Xavier Gipson",NYG,"WR260","8","-","-","4 out of 5 stars","-"
"666",14,"Patrick Taylor Jr.",SF,"RB177","8","-","-","2 out of 5 stars","-"
"667",14,"Bryce Oliver",TEN,"WR261","9","-","-","3 out of 5 stars","-"
"668",14,"Mario Williams",FA,"WR262","-","-","-","-","-"
"669",14,"Layne Pryor",HOU,"TE171","8","-","-","4 out of 5 stars","-"
"670",14,"Gary Brightwell",CIN,"RB178","6","-","-","2 out of 5 stars","-"
"671",14,"Simi Fehoko",ARI,"WR263","14","-","-","2 out of 5 stars","-"
"672",14,"Tim Jones",JAC,"WR264","7","-","-","4 out of 5 stars","-"
"673",14,"Jaren Kanak",TEN,"TE172","9","-","-","3 out of 5 stars","-"
"674",14,"Chip Trayanum",NYJ,"RB179","13","-","-","3 out of 5 stars","-"
"675",14,"Jason Brownlee",KC,"WR265","5","-","-","2 out of 5 stars","-"
"676",14,"Ethan Conner",MIA,"TE173","6","-","-","5 out of 5 stars","-"
"677",14,"Evan Svoboda",LAC,"TE174","7","-","-","4 out of 5 stars","-"
"678",14,"Cody Hardy",NO,"TE175","8","-","-","2 out of 5 stars","-"
"679",14,"Alex Bachman",LAR,"WR266","11","-","-","1 out of 5 stars","-"
"680",14,"Patrick Gurd",LV,"TE176","13","-","-","3 out of 5 stars","-"
"681",14,"Trent Sherfield Sr.",BUF,"WR267","7","-","-","4 out of 5 stars","-"
"682",14,"Dallen Bentley",DEN,"TE177","10","-","-","4 out of 5 stars","-"
"683",14,"Beaux Collins",ATL,"WR268","11","-","-","3 out of 5 stars","-"
"684",14,"Sean McKeon",IND,"TE178","13","-","-","3 out of 5 stars","-"
"685",14,"Jimmy Holiday",KC,"WR269","5","-","-","2 out of 5 stars","-"
"686",14,"Taysom Hill",FA,"TE179","-","-","-","-","-"
"687",14,"Johnny Pascuzzi",LAC,"TE180","7","-","-","4 out of 5 stars","-"
"688",14,"Tejhaun Palmer",NE,"WR270","11","-","-","2 out of 5 stars","-"
"689",14,"Thomas Fidone II",NYG,"TE181","8","-","-","3 out of 5 stars","-"
"690",14,"Dalen Cambre",NYG,"WR271","8","-","-","4 out of 5 stars","-"
"691",14,"Cody Schrader",DEN,"RB180","10","-","-","2 out of 5 stars","-"
"692",14,"Hayden Large",CHI,"TE182","10","-","-","2 out of 5 stars","-"
"693",14,"JJ Galbreath",IND,"TE183","13","-","-","3 out of 5 stars","-"
"694",14,"Zamir White",NO,"RB181","8","-","-","3 out of 5 stars","-"
"695",14,"RJ Maryland",GB,"TE184","11","-","-","2 out of 5 stars","-"
"696",14,"Jaden Nixon",GB,"RB182","11","-","-","4 out of 5 stars","-"
"697",14,"Malik Turner",SF,"WR272","8","-","-","2 out of 5 stars","-"
"698",14,"Nikola Kalinic",CHI,"TE185","10","-","-","2 out of 5 stars","-"
"699",14,"Davon Booth",CLE,"RB183","11","-","-","3 out of 5 stars","-"
"700",15,"Dominic Richardson",NYJ,"RB184","13","-","-","3 out of 5 stars","-"
"701",15,"Julius Chestnut",TEN,"RB185","9","-","-","3 out of 5 stars","-"
"702",15,"Carson Steele",PHI,"RB186","10","-","-","4 out of 5 stars","-"
"703",15,"Coleman Bennett",MIA,"RB187","6","-","-","3 out of 5 stars","-"
"704",15,"Israel Abanikanda",DAL,"RB188","14","-","-","4 out of 5 stars","-"
"705",15,"Jacardia Wright",SEA,"RB189","11","-","-","4 out of 5 stars","-"
"706",15,"Kendall Milton",CIN,"RB190","6","-","-","2 out of 5 stars","-"
"707",15,"EJ Smith",KC,"RB191","5","-","-","3 out of 5 stars","-"
"708",15,"Evan Hull",ARI,"RB192","14","-","-","2 out of 5 stars","-"
"709",15,"Dante Miller",FA,"RB193","-","-","-","-","-"
"710",15,"Kenny McIntosh",FA,"RB194","-","-","-","-","-"
"711",15,"Chris Collier",LV,"RB195","13","-","-","2 out of 5 stars","-"
"712",15,"Damon Bankston",NYG,"RB196","8","-","-","4 out of 5 stars","-"
"713",15,"Josiah Deguara",NYG,"TE186","8","-","-","3 out of 5 stars","-"
"714",15,"Andrew Beck",NYJ,"TE187","13","-","-","4 out of 5 stars","-"
"715",15,"Pharaoh Brown",IND,"TE188","13","-","-","3 out of 5 stars","-"
"716",15,"Raheem Blackshear",FA,"RB197","-","-","-","-","-"
"717",15,"Raheem Mostert",LV,"RB198","13","-","-","2 out of 5 stars","-"
"718",15,"Connor Heyward",LV,"TE189","13","-","-","3 out of 5 stars","-"
"719",15,"Salvon Ahmed",CHI,"RB199","10","-","-","2 out of 5 stars","-"
"720",15,"Anthony Hankerson",FA,"RB200","-","-","-","-","-"
"721",15,"Stephen Carlson",CHI,"TE190","10","-","-","2 out of 5 stars","-"
"722",15,"Chris Myarick",LV,"TE191","13","-","-","3 out of 5 stars","-"
"723",15,"Cam Akers",FA,"RB201","-","-","-","-","-"
"724",15,"Owen Wright",HOU,"RB202","8","-","-","4 out of 5 stars","-"
"725",15,"Terion Stewart",KC,"RB203","5","-","-","3 out of 5 stars","-"
"726",15,"Mark Redman",LAR,"TE192","11","-","-","4 out of 5 stars","-"
"727",15,"Dan Villari",LAR,"TE193","11","-","-","4 out of 5 stars","-"
"728",15,"Rohan Jones",LAR,"TE194","11","-","-","4 out of 5 stars","-"
"729",15,"Amar Johnson",LAC,"RB204","7","-","-","3 out of 5 stars","-"
"730",15,"Josh Kattus",CIN,"TE195","6","-","-","3 out of 5 stars","-"
"731",15,"Gus Edwards",FA,"RB205","-","-","-","-","-"
"732",15,"Zack Moss",FA,"RB206","-","-","-","-","-"
"733",15,"Nick Vannett",SEA,"TE196","11","-","-","3 out of 5 stars","-"
"734",15,"Jeff Wilson Jr.",FA,"RB207","-","-","-","-","-"
"735",15,"Trayveon Williams",DET,"RB208","6","-","-","5 out of 5 stars","-"
"736",15,"Caleb Lohner",DEN,"TE197","10","-","-","4 out of 5 stars","-"
"737",15,"Royce Freeman",FA,"RB209","-","-","-","-","-"
"738",15,"Vinny Anthony II",ATL,"WR273","11","-","-","3 out of 5 stars","-"
"739",15,"Ricky White III",SEA,"WR274","11","-","-","3 out of 5 stars","-"
"740",15,"D'Onta Foreman",FA,"RB210","-","-","-","-","-"
"741",15,"Dare Ogunbowale",LV,"RB211","13","-","-","2 out of 5 stars","-"
"742",15,"Jashaun Corbin",DAL,"RB212","14","-","-","4 out of 5 stars","-"
"743",15,"Emmanuel Henderson Jr.",SEA,"WR275","11","-","-","3 out of 5 stars","-"
"744",15,"Carlos Washington Jr.",MIA,"RB213","6","-","-","3 out of 5 stars","-"
"745",15,"Gregory Desrosiers",LAC,"RB214","7","-","-","3 out of 5 stars","-"
"746",15,"Clyde Edwards-Helaire",FA,"RB215","-","-","-","-","-"
"747",15,"Darrynton Evans",FA,"RB216","-","-","-","-","-"
"748",15,"Myles Gaskin",FA,"RB217","-","-","-","-","-"
"749",15,"Tyrion Davis-Price",FA,"RB218","-","-","-","-","-"
"750",15,"Laquon Treadwell",IND,"WR276","13","-","-","4 out of 5 stars","-"
"751",15,"D'Ernest Johnson",TEN,"RB219","9","-","-","3 out of 5 stars","-"
"752",15,"Jeff Caldwell",KC,"WR277","5","-","-","2 out of 5 stars","-"
"753",15,"Lucas Scott",BAL,"RB220","13","-","-","3 out of 5 stars","-"
"754",15,"Deuce Vaughn",HOU,"RB221","8","-","-","4 out of 5 stars","-"
"755",15,"Camden Brown",DAL,"WR278","14","-","-","2 out of 5 stars","-"
"756",15,"Brock Lampe",SEA,"RB222","11","-","-","4 out of 5 stars","-"
"757",15,"Eli Pancol",IND,"WR279","13","-","-","4 out of 5 stars","-"
"758",15,"Andrew Armstrong",KC,"WR280","5","-","-","2 out of 5 stars","-"
"759",15,"Sederrick Cunningham",FA,"WR281","-","-","-","-","-"
"760",16,"Raylen Sharpe",IND,"WR282","13","-","-","4 out of 5 stars","-"
"761",16,"Isaiah Neyor",GB,"WR283","11","-","-","5 out of 5 stars","-"
"762",16,"Jacob De Jesus",KC,"WR284","5","-","-","2 out of 5 stars","-"
"763",16,"Sahmir Hagans",IND,"WR285","13","-","-","4 out of 5 stars","-"
"764",16,"Omari Kelly",CHI,"WR286","10","-","-","3 out of 5 stars","-"
"765",16,"Quez Watkins",PHI,"WR287","10","-","-","4 out of 5 stars","-"
"766",16,"Omari Evans",KC,"WR288","5","-","-","2 out of 5 stars","-"
"767",16,"Kaden Prather",GB,"WR289","11","-","-","5 out of 5 stars","-"
"768",16,"Brennan Presley",LAR,"WR290","11","-","-","1 out of 5 stars","-"
"769",16,"Xavier Loyd",KC,"WR291","5","-","-","2 out of 5 stars","-"
"770",16,"Brandon Smith",PIT,"WR292","9","-","-","3 out of 5 stars","-"
"771",16,"Juice Wells Jr.",ATL,"WR293","11","-","-","3 out of 5 stars","-"
"772",16,"Tru Edwards",LAR,"WR294","11","-","-","1 out of 5 stars","-"
"773",16,"Anthony Smith",DAL,"WR295","14","-","-","2 out of 5 stars","-"
"774",16,"Brandin Cooks",FA,"WR296","-","-","-","-","-"
"775",16,"JP Richardson",CHI,"WR297","10","-","-","3 out of 5 stars","-"
"776",16,"Devonte Ross",LAC,"WR298","7","-","-","2 out of 5 stars","-"
"777",16,"Jordan Moore",CIN,"WR299","6","-","-","4 out of 5 stars","-"
"778",16,"Will Dissly",FA,"TE198","-","-","-","-","-"
"779",16,"Elijah Mitchell",FA,"RB223","-","-","-","-","-"
"780",16,"Diontae Johnson",FA,"WR300","-","-","-","-","-"
"781",16,"Chris Hilton Jr.",GB,"WR301","11","-","-","5 out of 5 stars","-"
"782",16,"Jermaine Burton",FA,"WR302","-","-","-","-","-"
"783",16,"Nick Nash",WAS,"WR303","7","-","-","2 out of 5 stars","-"
"784",16,"Sincere Brown",LAC,"WR304","7","-","-","2 out of 5 stars","-"
"785",16,"Jamaal Pritchett",NYJ,"WR305","13","-","-","4 out of 5 stars","-"
"786",16,"E.J. Williams Jr.",LV,"WR306","13","-","-","2 out of 5 stars","-"
"787",16,"Noah Thomas",CIN,"WR307","6","-","-","4 out of 5 stars","-"
"788",16,"Lewis Bond",HOU,"WR308","8","-","-","3 out of 5 stars","-"
"789",16,"Jaden Bradley",WAS,"WR309","7","-","-","2 out of 5 stars","-"
"790",16,"Taylen Green",CLE,"QB60","11","-","-","4 out of 5 stars","-"
"791",16,"Rashad Rochelle",SEA,"WR310","11","-","-","3 out of 5 stars","-"
"792",16,"Donaven McCulley",MIA,"WR311","6","-","-","3 out of 5 stars","-"
"793",16,"Junior Bergen",NYJ,"WR312","13","-","-","4 out of 5 stars","-"
"794",16,"Mario Williams",FA,"WR313","-","-","-","-","-"
"795",16,"Tyren Montgomery",TEN,"WR314","9","-","-","3 out of 5 stars","-"
"796",16,"Eric Rivers Jr.",TB,"WR315","10","-","-","4 out of 5 stars","-"
"797",16,"Malik McClain",NYJ,"WR316","13","-","-","4 out of 5 stars","-"
"798",16,"Dae'Quan Wright",FA,"TE199","-","-","-","-","-"
"799",16,"Hakeem Butler",FA,"WR317","-","-","-","-","-"
"800",16,"Brandon Johnson",LV,"WR318","13","-","-","2 out of 5 stars","-"
"801",16,"Ja'Quinden Jackson",PHI,"RB224","10","-","-","4 out of 5 stars","-"
"802",16,"AJ Henning",MIA,"WR319","6","-","-","3 out of 5 stars","-"
"803",16,"Dane Key",DEN,"WR320","10","-","-","2 out of 5 stars","-"
"804",16,"Jordan Hudson",DAL,"WR321","14","-","-","2 out of 5 stars","-"
"805",16,"Josh Kelly",HOU,"WR322","8","-","-","3 out of 5 stars","-"
"806",16,"Dontae Fleming",MIN,"WR323","6","-","-","5 out of 5 stars","-"
"807",16,"Dillon Bell",MIN,"WR324","6","-","-","5 out of 5 stars","-"
"808",16,"Danny Gray",PHI,"WR325","10","-","-","4 out of 5 stars","-"
"809",16,"Kye Robichaux",FA,"RB225","-","-","-","-","-"
"810",16,"Dennis Houston",TB,"WR326","10","-","-","4 out of 5 stars","-"
"811",16,"Stephen Gosnell",BUF,"WR327","7","-","-","4 out of 5 stars","-"
"812",16,"Gabe Davis",FA,"WR328","-","-","-","-","-"
"813",16,"Kolbe Katsis",DEN,"WR329","10","-","-","2 out of 5 stars","-"
"814",16,"Dean Patterson IV",TB,"WR330","10","-","-","4 out of 5 stars","-"
"815",16,"Treyvhon Saunders",HOU,"WR331","8","-","-","3 out of 5 stars","-"
"816",16,"Trey Palmer",NO,"WR332","8","-","-","3 out of 5 stars","-"
"817",16,"Cameron Ross",DEN,"WR333","10","-","-","2 out of 5 stars","-"
"818",16,"Trey Sermon",ATL,"RB226","11","-","-","2 out of 5 stars","-"
"819",16,"Daniel Sobkowicz",HOU,"WR334","8","-","-","3 out of 5 stars","-"
"820",16,"Max Tomczak",BUF,"WR335","7","-","-","4 out of 5 stars","-"
"821",16,"Ja'Mori Maclin",BUF,"WR336","7","-","-","4 out of 5 stars","-"
"822",16,"Hank Beatty",TEN,"WR337","9","-","-","3 out of 5 stars","-"
"823",16,"Keelan Marion",ATL,"WR338","11","-","-","3 out of 5 stars","-"
"824",16,"Courtney Jackson",TEN,"WR339","9","-","-","3 out of 5 stars","-"
"825",16,"Nick DeGennaro",NE,"WR340","11","-","-","2 out of 5 stars","-"
"826",16,"Cameron Dorner",NE,"WR341","11","-","-","2 out of 5 stars","-"
"827",16,"Chamon Metayer",FA,"TE200","-","-","-","-","-"
"828",16,"Lance McCutcheon",TEN,"WR342","9","-","-","3 out of 5 stars","-"
"829",16,"Kobe Prentice",NYG,"WR343","8","-","-","4 out of 5 stars","-"
"830",16,"Kyle Dixon",NE,"WR344","11","-","-","2 out of 5 stars","-"
"831",16,"Brock Rechsteiner",NO,"WR345","8","-","-","3 out of 5 stars","-"
"832",16,"Jackson Meeks",DET,"WR346","6","-","-","4 out of 5 stars","-"
"833",16,"Sam Scott",FA,"RB227","-","-","-","-","-"
"834",16,"Luke Floriea",CLE,"WR347","11","-","-","3 out of 5 stars","-"
"835",16,"Kole Wilson",CLE,"WR348","11","-","-","3 out of 5 stars","-"
"836",16,"Will Howard",PIT,"QB61","9","-","-","2 out of 5 stars","-606"
"837",16,"Bryson Green",FA,"WR349","-","-","-","-","-"
"838",16,"Harrison Wallace III",ARI,"WR350","14","-","-","2 out of 5 stars","-"
"839",16,"Wesley Grimes",SF,"WR351","8","-","-","2 out of 5 stars","-"
"840",16,"Joshua Pitsenberger",FA,"RB228","-","-","-","-","-"
"841",16,"Xavier Guillory",BAL,"WR352","13","-","-","4 out of 5 stars","-"
"842",16,"Cortez Braham Jr.",BAL,"WR353","13","-","-","4 out of 5 stars","-"
"843",16,"Octavian Smith Jr.",BAL,"WR354","13","-","-","4 out of 5 stars","-"
"844",16,"Cornelius Johnson",BAL,"WR355","13","-","-","4 out of 5 stars","-"
"845",16,"Irv Charles",SEA,"WR356","11","-","-","3 out of 5 stars","-"
"846",16,"TJ Harden",FA,"RB229","-","-","-","-","-"
"847",16,"Phillip Dorsett II",LV,"WR357","13","-","-","2 out of 5 stars","-"
"848",16,"Ihmir Smith-Marsette",ARI,"WR358","14","-","-","2 out of 5 stars","-"
"849",16,"Trenton Irwin",SF,"WR359","8","-","-","2 out of 5 stars","-"
"850",16,"Kenny Pickett",CAR,"QB62","5","-","-","2 out of 5 stars","-"
"851",16,"Caullin Lacy",NYJ,"WR360","13","-","-","4 out of 5 stars","-"
"852",16,"CJ Williams",JAC,"WR361","7","-","-","4 out of 5 stars","-"
"853",16,"Josh Reynolds",FA,"WR362","-","-","-","-","-"
"854",16,"Russell Gage Jr.",FA,"WR363","-","-","-","-","-"
"855",16,"Jordan Akins",FA,"TE201","-","-","-","-","-"
"856",16,"Johnny Wilson",PHI,"WR364","10","-","-","4 out of 5 stars","-"
"857",16,"Ainias Smith",FA,"WR365","-","-","-","-","-"
"858",16,"Devonte Boyd",FA,"WR366","-","-","-","-","-"
"859",16,"Kadarius Toney",FA,"WR367","-","-","-","-","-"
"860",16,"Luke Grimm",FA,"WR368","-","-","-","-","-"
"861",16,"Irv Smith Jr.",FA,"TE202","-","-","-","-","-"
"862",16,"Harrison Bryant",FA,"TE203","-","-","-","-","-"
"863",16,"Jackson Acker",FA,"RB230","-","-","-","-","-"
"864",16,"Montrell Johnson Jr.",FA,"RB231","-","-","-","-","-"
"865",16,"Le'Meke Brockington",FA,"WR369","-","-","-","-","-"
"866",16,"Chase Edmonds",WAS,"RB232","7","-","-","4 out of 5 stars","-"
"867",16,"Traeshon Holden",FA,"WR370","-","-","-","-","-"
"868",16,"Deon Jackson",FA,"RB233","-","-","-","-","-"
"869",16,"E.J. Horton Jr.",FA,"WR371","-","-","-","-","-"
"870",16,"Elijah Dotson",FA,"RB234","-","-","-","-","-"
"871",16,"Mitchell Trubisky",TEN,"QB63","9","-","-","3 out of 5 stars","-"
"872",16,"Jeremiah Webb",NE,"WR372","11","-","-","2 out of 5 stars","-"
"873",16,"Avery Williams",FA,"RB235","-","-","-","-","-"
"874",16,"Kyron Hudson",FA,"WR373","-","-","-","-","-"
"875",16,"Anthony Firkser",FA,"TE204","-","-","-","-","-"
"876",16,"Kenny Yeboah",FA,"TE205","-","-","-","-","-"
"877",16,"Luke Lachey",FA,"TE206","-","-","-","-","-"
"878",16,"Jordan Mims",PHI,"RB236","10","-","-","4 out of 5 stars","-"
"879",16,"Hunter Renfrow",FA,"WR374","-","-","-","-","-"
"880",16,"Brady Cook",NYJ,"QB64","13","-","-","4 out of 5 stars","-"
"881",16,"Carson Wentz",MIN,"QB65","6","-","-","5 out of 5 stars","-"
"882",16,"Will Levis",TEN,"QB66","9","-","-","3 out of 5 stars","-"
"883",16,"Lincoln Pare",FA,"RB237","-","-","-","-","-"
"884",16,"Mante Morrow",FA,"WR375","-","-","-","-","-"
"885",16,"Sam Howell",DAL,"QB67","14","-","-","2 out of 5 stars","-"
"886",16,"Nick Boyle",FA,"TE207","-","-","-","-","-"
"887",16,"Omarius Hines",FA,"WR376","-","-","-","-","-"
"888",16,"DT Sheffield",FA,"WR377","-","-","-","-","-"
"889",16,"Noah Togiai",FA,"TE208","-","-","-","-","-"
"890",16,"Marcedes Lewis",FA,"TE209","-","-","-","-","-"
"891",16,"Quali Conley",FA,"RB238","-","-","-","-","-"
"892",16,"Dale Moss",FA,"WR378","-","-","-","-","-"
"893",16,"Dan Chisena",CAR,"WR379","5","-","-","2 out of 5 stars","-"
"894",16,"Riley Nowakowski",PIT,"TE210","9","-","-","2 out of 5 stars","-"
"895",16,"Jase McClellan",FA,"RB239","-","-","-","-","-"
"896",16,"Blake Watson",FA,"RB240","-","-","-","-","-"
"897",16,"Malik Taylor",FA,"WR380","-","-","-","-","-"
"898",16,"Jonathan Ward",BAL,"RB241","13","-","-","3 out of 5 stars","-"
"899",16,"Kevin Harris",FA,"RB242","-","-","-","-","-"
"900",16,"Logan Thomas",FA,"TE211","-","-","-","-","-"
"901",16,"Graig Cooper",FA,"RB243","-","-","-","-","-"
"902",16,"Bisi Johnson",FA,"WR381","-","-","-","-","-"
"903",16,"Jalen Walthall",FA,"WR382","-","-","-","-","-"
"904",16,"John Hurst",FA,"WR383","-","-","-","-","-"
"905",16,"Anthony McFarland Jr.",FA,"RB244","-","-","-","-","-"
"906",16,"Jonathan Brady",FA,"WR384","-","-","-","-","-"
"907",16,"Jimmy Kibble",NE,"WR385","11","-","-","2 out of 5 stars","-"
"908",16,"Jonathan Williams",FA,"RB245","-","-","-","-","-"
"909",16,"Nick Bawden",FA,"RB246","-","-","-","-","-"
"910",16,"Wendell Smallwood",FA,"RB247","-","-","-","-","-"
"911",16,"Brenden Rice",FA,"WR386","-","-","-","-","-"
"912",16,"Kejon Owens",FA,"RB248","-","-","-","-","-"
"913",16,"Ross Dwelley",FA,"TE212","-","-","-","-","-"
"914",16,"Ryan Griffin",FA,"TE213","-","-","-","-","-"
"915",16,"Colton Dowell",FA,"WR387","-","-","-","-","-"
"916",16,"Tucker Fisk",FA,"TE214","-","-","-","-","-"
"917",16,"Geoff Swaim",FA,"TE215","-","-","-","-","-"
"918",16,"Jesper Horsted",FA,"TE216","-","-","-","-","-"
"919",16,"Michael Jacobson",FA,"TE217","-","-","-","-","-"
"920",16,"Tyler Davis",FA,"WR388","-","-","-","-","-"
"921",16,"Nelson Agholor",FA,"WR389","-","-","-","-","-"
"922",16,"DeAndre Carter",FA,"WR390","-","-","-","-","-"
"923",16,"Marquez Callaway",FA,"WR391","-","-","-","-","-"
"924",16,"Brycen Hopkins",FA,"TE218","-","-","-","-","-"
"925",16,"Curtis Hodges",FA,"TE219","-","-","-","-","-"
"926",16,"Dee Eskridge",FA,"WR392","-","-","-","-","-"
"927",16,"Gerald Everett",FA,"TE220","-","-","-","-","-"
"928",16,"Allen Lazard",FA,"WR393","-","-","-","-","-"
"929",16,"Mitchell Wilcox",FA,"TE221","-","-","-","-","-"
"930",16,"Peyton Hendershot",FA,"TE222","-","-","-","-","-"
"931",16,"Anthony Schwartz",FA,"WR394","-","-","-","-","-"
"932",16,"Zach Gentry",FA,"TE223","-","-","-","-","-"
"933",16,"Brandon Powell",FA,"WR395","-","-","-","-","-"
"934",16,"Byron Pringle",FA,"WR396","-","-","-","-","-"
"935",16,"Cody Thompson",FA,"WR397","-","-","-","-","-"
"936",16,"Daurice Fountain",FA,"WR398","-","-","-","-","-"
"937",16,"Equanimeous St. Brown",FA,"WR399","-","-","-","-","-"
"938",16,"Isaiah McKenzie",FA,"WR400","-","-","-","-","-"
"939",16,"Jalen Guyton",FA,"WR401","-","-","-","-","-"
"940",16,"James Proche II",FA,"WR402","-","-","-","-","-"
"941",16,"Javon Baker",FA,"WR403","-","-","-","-","-"
"942",16,"Justin Shorter",LV,"WR404","13","-","-","2 out of 5 stars","-"
"943",16,"Laviska Shenault Jr.",FA,"WR405","-","-","-","-","-"
"944",16,"Rakim Jarrett",FA,"WR406","-","-","-","-","-"
"945",16,"Trishton Jackson",FA,"WR407","-","-","-","-","-"
"946",16,"Zach Pascal",FA,"WR408","-","-","-","-","-"
"947",16,"Ross Travis",FA,"TE224","-","-","-","-","-"